employee_id,form_id
E600000,DPI-0000
E600007,DPI-0001
E600014,DPI-0002
E600021,DPI-0003
E600028,DPI-0004
E600035,DPI-0005
E600042,DPI-0006
E600049,DPI-0007
E600056,DPI-0008
E600063,DPI-0009
E600070,DPI-0010
E600077,DPI-0011
E600084,DPI-0012
E600091,DPI-0013
E600098,DPI-0014
E600105,DPI-0015
E600112,DPI-0016
E600119,DPI-0017
E600126,DPI-0018
E600133,DPI-0019
E600140,DPI-0020
E600147,DPI-0021
E600154,DPI-0022
E600161,DPI-0023
E600168,DPI-0024
E600175,DPI-0025
E600182,DPI-0026
E600189,DPI-0027
E600196,DPI-0028
E600203,DPI-0029
E600210,DPI-0030
E600217,DPI-0031
E600224,DPI-0032
E600231,DPI-0033
E600238,DPI-0034
E600245,DPI-0035
E600252,DPI-0036
E600259,DPI-0037
E600266,DPI-0038
E600273,DPI-0039
E600280,DPI-0040
E600287,DPI-0041
E600294,DPI-0042
E600301,DPI-0043
E600308,DPI-0044
E600315,DPI-0045
E600322,DPI-0046
E600329,DPI-0047
E600336,DPI-0048
E600343,DPI-0049
E600350,DPI-0050
E600357,DPI-0051
E600364,DPI-0052
E600371,DPI-0053
E600378,DPI-0054
E600385,DPI-0055
E600392,DPI-0056
E600399,DPI-0057
E600406,DPI-0058
E600413,DPI-0059
E600420,DPI-0060
E600427,DPI-0061
E600434,DPI-0062
E600441,DPI-0063
E600448,DPI-0064
E600455,DPI-0065
E600462,DPI-0066
E600469,DPI-0067
E600476,DPI-0068
E600483,DPI-0069
E600490,DPI-0070
E600497,DPI-0071
E600504,DPI-0072
E600511,DPI-0073
E600518,DPI-0074
E600525,DPI-0075
E600532,DPI-0076
E600539,DPI-0077
E600546,DPI-0078
E600553,DPI-0079
E600560,DPI-0080
E600567,DPI-0081
E600574,DPI-0082
E600581,DPI-0083
E600588,DPI-0084
E600595,DPI-0085
E600602,DPI-0086
E600609,DPI-0087
E600616,DPI-0088
E600623,DPI-0089
E600630,DPI-0090
E600637,DPI-0091
E600644,DPI-0092
E600651,DPI-0093
E600658,DPI-0094
E600665,DPI-0095
E600672,DPI-0096
E600679,DPI-0097
E600686,DPI-0098
E600693,DPI-0099
E600700,DPI-0100
E600707,DPI-0101
E600714,DPI-0102
E600721,DPI-0103
E600728,DPI-0104
E600735,DPI-0105
E600742,DPI-0106
E600749,DPI-0107
E600756,DPI-0108
E600763,DPI-0109
E600770,DPI-0110
E600777,DPI-0111
E600784,DPI-0112
E600791,DPI-0113
E600798,DPI-0114
E600805,DPI-0115
E600812,DPI-0116
E600819,DPI-0117
E600826,DPI-0118
E600833,DPI-0119
E600840,DPI-0120
E600847,DPI-0121
E600854,DPI-0122
E600861,DPI-0123
E600868,DPI-0124
E600875,DPI-0125
E600882,DPI-0126
E600889,DPI-0127
E600896,DPI-0128
E600903,DPI-0129
E600910,DPI-0130
E600917,DPI-0131
E600924,DPI-0132
E600931,DPI-0133
E600938,DPI-0134
E600945,DPI-0135
E600952,DPI-0136
E600959,DPI-0137
E600966,DPI-0138
E600973,DPI-0139
E600980,DPI-0140
E600987,DPI-0141
E600994,DPI-0142
E601001,DPI-0143
E601008,DPI-0144
E601015,DPI-0145
E601022,DPI-0146
E601029,DPI-0147
E601036,DPI-0148
E601043,DPI-0149
E601050,DPI-0150
E601057,DPI-0151
E601064,DPI-0152
E601071,DPI-0153
E601078,DPI-0154
E601085,DPI-0155
E601092,DPI-0156
E601099,DPI-0157
E601106,DPI-0158
E601113,DPI-0159
E601120,DPI-0160
E601127,DPI-0161
E601134,DPI-0162
E601141,DPI-0163
E601148,DPI-0164
E601155,DPI-0165
E601162,DPI-0166
E601169,DPI-0167
E601176,DPI-0168
E601183,DPI-0169
E601190,DPI-0170
E601197,DPI-0171
E601204,DPI-0172
E601211,DPI-0173
E601218,DPI-0174
E601225,DPI-0175
E601232,DPI-0176
E601239,DPI-0177
E601246,DPI-0178
E601253,DPI-0179
E601260,DPI-0180
E601267,DPI-0181
E601274,DPI-0182
E601281,DPI-0183
E601288,DPI-0184
E601295,DPI-0185
E601302,DPI-0186
E601309,DPI-0187
E601316,DPI-0188
E601323,DPI-0189
E601330,DPI-0190
E601337,DPI-0191
E601344,DPI-0192
E601351,DPI-0193
E601358,DPI-0194
E601365,DPI-0195
E601372,DPI-0196
E601379,DPI-0197
E601386,DPI-0198
E601393,DPI-0199
