id,employee_id,meeting_id
0-100,0,100
0-200,0,200
0-300,0,300
0-400,0,400
0-500,0,500
100-100,100,100
100-200,100,200
100-300,100,300
100-400,100,400
100-500,100,500
100-110,100,110
100-120,100,120
100-130,100,130
100-140,100,140
100-150,100,150
110-110,110,110
110-120,110,120
110-130,110,130
110-140,110,140
110-150,110,150
110-111,110,111
110-112,110,112
110-113,110,113
110-114,110,114
110-115,110,115
111-111,111,111
111-112,111,112
111-113,111,113
111-114,111,114
111-115,111,115
112-111,112,111
112-112,112,112
112-113,112,113
112-114,112,114
112-115,112,115
113-111,113,111
113-112,113,112
113-113,113,113
113-114,113,114
113-115,113,115
114-111,114,111
114-112,114,112
114-113,114,113
114-114,114,114
114-115,114,115
115-111,115,111
115-112,115,112
115-113,115,113
115-114,115,114
115-115,115,115
120-110,120,110
120-120,120,120
120-130,120,130
120-140,120,140
120-150,120,150
120-121,120,121
120-122,120,122
120-123,120,123
120-124,120,124
120-125,120,125
121-121,121,121
121-122,121,122
121-123,121,123
121-124,121,124
121-125,121,125
122-121,122,121
122-122,122,122
122-123,122,123
122-124,122,124
122-125,122,125
123-121,123,121
123-122,123,122
123-123,123,123
123-124,123,124
123-125,123,125
124-121,124,121
124-122,124,122
124-123,124,123
124-124,124,124
124-125,124,125
125-121,125,121
125-122,125,122
125-123,125,123
125-124,125,124
125-125,125,125
130-110,130,110
130-120,130,120
130-130,130,130
130-140,130,140
130-150,130,150
130-131,130,131
130-132,130,132
130-133,130,133
130-134,130,134
130-135,130,135
131-131,131,131
131-132,131,132
131-133,131,133
131-134,131,134
131-135,131,135
132-131,132,131
132-132,132,132
132-133,132,133
132-134,132,134
132-135,132,135
133-131,133,131
133-132,133,132
133-133,133,133
133-134,133,134
133-135,133,135
134-131,134,131
134-132,134,132
134-133,134,133
134-134,134,134
134-135,134,135
135-131,135,131
135-132,135,132
135-133,135,133
135-134,135,134
135-135,135,135
140-110,140,110
140-120,140,120
140-130,140,130
140-140,140,140
140-150,140,150
140-141,140,141
140-142,140,142
140-143,140,143
140-144,140,144
140-145,140,145
141-141,141,141
141-142,141,142
141-143,141,143
141-144,141,144
141-145,141,145
142-141,142,141
142-142,142,142
142-143,142,143
142-144,142,144
142-145,142,145
143-141,143,141
143-142,143,142
143-143,143,143
143-144,143,144
143-145,143,145
144-141,144,141
144-142,144,142
144-143,144,143
144-144,144,144
144-145,144,145
145-141,145,141
145-142,145,142
145-143,145,143
145-144,145,144
145-145,145,145
150-110,150,110
150-120,150,120
150-130,150,130
150-140,150,140
150-150,150,150
150-151,150,151
150-152,150,152
150-153,150,153
150-154,150,154
150-155,150,155
151-151,151,151
151-152,151,152
151-153,151,153
151-154,151,154
151-155,151,155
152-151,152,151
152-152,152,152
152-153,152,153
152-154,152,154
152-155,152,155
153-151,153,151
153-152,153,152
153-153,153,153
153-154,153,154
153-155,153,155
154-151,154,151
154-152,154,152
154-153,154,153
154-154,154,154
154-155,154,155
155-151,155,151
155-152,155,152
155-153,155,153
155-154,155,154
155-155,155,155
200-100,200,100
200-200,200,200
200-300,200,300
200-400,200,400
200-500,200,500
200-210,200,210
200-220,200,220
200-230,200,230
200-240,200,240
200-250,200,250
210-210,210,210
210-220,210,220
210-230,210,230
210-240,210,240
210-250,210,250
210-211,210,211
210-212,210,212
210-213,210,213
210-214,210,214
210-215,210,215
211-211,211,211
211-212,211,212
211-213,211,213
211-214,211,214
211-215,211,215
212-211,212,211
212-212,212,212
212-213,212,213
212-214,212,214
212-215,212,215
213-211,213,211
213-212,213,212
213-213,213,213
213-214,213,214
213-215,213,215
214-211,214,211
214-212,214,212
214-213,214,213
214-214,214,214
214-215,214,215
215-211,215,211
215-212,215,212
215-213,215,213
215-214,215,214
215-215,215,215
220-210,220,210
220-220,220,220
220-230,220,230
220-240,220,240
220-250,220,250
220-221,220,221
220-222,220,222
220-223,220,223
220-224,220,224
220-225,220,225
221-221,221,221
221-222,221,222
221-223,221,223
221-224,221,224
221-225,221,225
222-221,222,221
222-222,222,222
222-223,222,223
222-224,222,224
222-225,222,225
223-221,223,221
223-222,223,222
223-223,223,223
223-224,223,224
223-225,223,225
224-221,224,221
224-222,224,222
224-223,224,223
224-224,224,224
224-225,224,225
225-221,225,221
225-222,225,222
225-223,225,223
225-224,225,224
225-225,225,225
230-210,230,210
230-220,230,220
230-230,230,230
230-240,230,240
230-250,230,250
230-231,230,231
230-232,230,232
230-233,230,233
230-234,230,234
230-235,230,235
231-231,231,231
231-232,231,232
231-233,231,233
231-234,231,234
231-235,231,235
232-231,232,231
232-232,232,232
232-233,232,233
232-234,232,234
232-235,232,235
233-231,233,231
233-232,233,232
233-233,233,233
233-234,233,234
233-235,233,235
234-231,234,231
234-232,234,232
234-233,234,233
234-234,234,234
234-235,234,235
235-231,235,231
235-232,235,232
235-233,235,233
235-234,235,234
235-235,235,235
240-210,240,210
240-220,240,220
240-230,240,230
240-240,240,240
240-250,240,250
240-241,240,241
240-242,240,242
240-243,240,243
240-244,240,244
240-245,240,245
241-241,241,241
241-242,241,242
241-243,241,243
241-244,241,244
241-245,241,245
242-241,242,241
242-242,242,242
242-243,242,243
242-244,242,244
242-245,242,245
243-241,243,241
243-242,243,242
243-243,243,243
243-244,243,244
243-245,243,245
244-241,244,241
244-242,244,242
244-243,244,243
244-244,244,244
244-245,244,245
245-241,245,241
245-242,245,242
245-243,245,243
245-244,245,244
245-245,245,245
250-210,250,210
250-220,250,220
250-230,250,230
250-240,250,240
250-250,250,250
250-251,250,251
250-252,250,252
250-253,250,253
250-254,250,254
250-255,250,255
251-251,251,251
251-252,251,252
251-253,251,253
251-254,251,254
251-255,251,255
252-251,252,251
252-252,252,252
252-253,252,253
252-254,252,254
252-255,252,255
253-251,253,251
253-252,253,252
253-253,253,253
253-254,253,254
253-255,253,255
254-251,254,251
254-252,254,252
254-253,254,253
254-254,254,254
254-255,254,255
255-251,255,251
255-252,255,252
255-253,255,253
255-254,255,254
255-255,255,255
300-100,300,100
300-200,300,200
300-300,300,300
300-400,300,400
300-500,300,500
300-310,300,310
300-320,300,320
300-330,300,330
300-340,300,340
300-350,300,350
310-310,310,310
310-320,310,320
310-330,310,330
310-340,310,340
310-350,310,350
310-311,310,311
310-312,310,312
310-313,310,313
310-314,310,314
310-315,310,315
311-311,311,311
311-312,311,312
311-313,311,313
311-314,311,314
311-315,311,315
312-311,312,311
312-312,312,312
312-313,312,313
312-314,312,314
312-315,312,315
313-311,313,311
313-312,313,312
313-313,313,313
313-314,313,314
313-315,313,315
314-311,314,311
314-312,314,312
314-313,314,313
314-314,314,314
314-315,314,315
315-311,315,311
315-312,315,312
315-313,315,313
315-314,315,314
315-315,315,315
320-310,320,310
320-320,320,320
320-330,320,330
320-340,320,340
320-350,320,350
320-321,320,321
320-322,320,322
320-323,320,323
320-324,320,324
320-325,320,325
321-321,321,321
321-322,321,322
321-323,321,323
321-324,321,324
321-325,321,325
322-321,322,321
322-322,322,322
322-323,322,323
322-324,322,324
322-325,322,325
323-321,323,321
323-322,323,322
323-323,323,323
323-324,323,324
323-325,323,325
324-321,324,321
324-322,324,322
324-323,324,323
324-324,324,324
324-325,324,325
325-321,325,321
325-322,325,322
325-323,325,323
325-324,325,324
325-325,325,325
330-310,330,310
330-320,330,320
330-330,330,330
330-340,330,340
330-350,330,350
330-331,330,331
330-332,330,332
330-333,330,333
330-334,330,334
330-335,330,335
331-331,331,331
331-332,331,332
331-333,331,333
331-334,331,334
331-335,331,335
332-331,332,331
332-332,332,332
332-333,332,333
332-334,332,334
332-335,332,335
333-331,333,331
333-332,333,332
333-333,333,333
333-334,333,334
333-335,333,335
334-331,334,331
334-332,334,332
334-333,334,333
334-334,334,334
334-335,334,335
335-331,335,331
335-332,335,332
335-333,335,333
335-334,335,334
335-335,335,335
340-310,340,310
340-320,340,320
340-330,340,330
340-340,340,340
340-350,340,350
340-341,340,341
340-342,340,342
340-343,340,343
340-344,340,344
340-345,340,345
341-341,341,341
341-342,341,342
341-343,341,343
341-344,341,344
341-345,341,345
342-341,342,341
342-342,342,342
342-343,342,343
342-344,342,344
342-345,342,345
343-341,343,341
343-342,343,342
343-343,343,343
343-344,343,344
343-345,343,345
344-341,344,341
344-342,344,342
344-343,344,343
344-344,344,344
344-345,344,345
345-341,345,341
345-342,345,342
345-343,345,343
345-344,345,344
345-345,345,345
350-310,350,310
350-320,350,320
350-330,350,330
350-340,350,340
350-350,350,350
350-351,350,351
350-352,350,352
350-353,350,353
350-354,350,354
350-355,350,355
351-351,351,351
351-352,351,352
351-353,351,353
351-354,351,354
351-355,351,355
352-351,352,351
352-352,352,352
352-353,352,353
352-354,352,354
352-355,352,355
353-351,353,351
353-352,353,352
353-353,353,353
353-354,353,354
353-355,353,355
354-351,354,351
354-352,354,352
354-353,354,353
354-354,354,354
354-355,354,355
355-351,355,351
355-352,355,352
355-353,355,353
355-354,355,354
355-355,355,355
400-100,400,100
400-200,400,200
400-300,400,300
400-400,400,400
400-500,400,500
400-410,400,410
400-420,400,420
400-430,400,430
400-440,400,440
400-450,400,450
410-410,410,410
410-420,410,420
410-430,410,430
410-440,410,440
410-450,410,450
410-411,410,411
410-412,410,412
410-413,410,413
410-414,410,414
410-415,410,415
411-411,411,411
411-412,411,412
411-413,411,413
411-414,411,414
411-415,411,415
412-411,412,411
412-412,412,412
412-413,412,413
412-414,412,414
412-415,412,415
413-411,413,411
413-412,413,412
413-413,413,413
413-414,413,414
413-415,413,415
414-411,414,411
414-412,414,412
414-413,414,413
414-414,414,414
414-415,414,415
415-411,415,411
415-412,415,412
415-413,415,413
415-414,415,414
415-415,415,415
420-410,420,410
420-420,420,420
420-430,420,430
420-440,420,440
420-450,420,450
420-421,420,421
420-422,420,422
420-423,420,423
420-424,420,424
420-425,420,425
421-421,421,421
421-422,421,422
421-423,421,423
421-424,421,424
421-425,421,425
422-421,422,421
422-422,422,422
422-423,422,423
422-424,422,424
422-425,422,425
423-421,423,421
423-422,423,422
423-423,423,423
423-424,423,424
423-425,423,425
424-421,424,421
424-422,424,422
424-423,424,423
424-424,424,424
424-425,424,425
425-421,425,421
425-422,425,422
425-423,425,423
425-424,425,424
425-425,425,425
430-410,430,410
430-420,430,420
430-430,430,430
430-440,430,440
430-450,430,450
430-431,430,431
430-432,430,432
430-433,430,433
430-434,430,434
430-435,430,435
431-431,431,431
431-432,431,432
431-433,431,433
431-434,431,434
431-435,431,435
432-431,432,431
432-432,432,432
432-433,432,433
432-434,432,434
432-435,432,435
433-431,433,431
433-432,433,432
433-433,433,433
433-434,433,434
433-435,433,435
434-431,434,431
434-432,434,432
434-433,434,433
434-434,434,434
434-435,434,435
435-431,435,431
435-432,435,432
435-433,435,433
435-434,435,434
435-435,435,435
440-410,440,410
440-420,440,420
440-430,440,430
440-440,440,440
440-450,440,450
440-441,440,441
440-442,440,442
440-443,440,443
440-444,440,444
440-445,440,445
441-441,441,441
441-442,441,442
441-443,441,443
441-444,441,444
441-445,441,445
442-441,442,441
442-442,442,442
442-443,442,443
442-444,442,444
442-445,442,445
443-441,443,441
443-442,443,442
443-443,443,443
443-444,443,444
443-445,443,445
444-441,444,441
444-442,444,442
444-443,444,443
444-444,444,444
444-445,444,445
445-441,445,441
445-442,445,442
445-443,445,443
445-444,445,444
445-445,445,445
450-410,450,410
450-420,450,420
450-430,450,430
450-440,450,440
450-450,450,450
450-451,450,451
450-452,450,452
450-453,450,453
450-454,450,454
450-455,450,455
451-451,451,451
451-452,451,452
451-453,451,453
451-454,451,454
451-455,451,455
452-451,452,451
452-452,452,452
452-453,452,453
452-454,452,454
452-455,452,455
453-451,453,451
453-452,453,452
453-453,453,453
453-454,453,454
453-455,453,455
454-451,454,451
454-452,454,452
454-453,454,453
454-454,454,454
454-455,454,455
455-451,455,451
455-452,455,452
455-453,455,453
455-454,455,454
455-455,455,455
500-100,500,100
500-200,500,200
500-300,500,300
500-400,500,400
500-500,500,500
500-510,500,510
500-520,500,520
500-530,500,530
500-540,500,540
500-550,500,550
510-510,510,510
510-520,510,520
510-530,510,530
510-540,510,540
510-550,510,550
510-511,510,511
510-512,510,512
510-513,510,513
510-514,510,514
510-515,510,515
511-511,511,511
511-512,511,512
511-513,511,513
511-514,511,514
511-515,511,515
512-511,512,511
512-512,512,512
512-513,512,513
512-514,512,514
512-515,512,515
513-511,513,511
513-512,513,512
513-513,513,513
513-514,513,514
513-515,513,515
514-511,514,511
514-512,514,512
514-513,514,513
514-514,514,514
514-515,514,515
515-511,515,511
515-512,515,512
515-513,515,513
515-514,515,514
515-515,515,515
520-510,520,510
520-520,520,520
520-530,520,530
520-540,520,540
520-550,520,550
520-521,520,521
520-522,520,522
520-523,520,523
520-524,520,524
520-525,520,525
521-521,521,521
521-522,521,522
521-523,521,523
521-524,521,524
521-525,521,525
522-521,522,521
522-522,522,522
522-523,522,523
522-524,522,524
522-525,522,525
523-521,523,521
523-522,523,522
523-523,523,523
523-524,523,524
523-525,523,525
524-521,524,521
524-522,524,522
524-523,524,523
524-524,524,524
524-525,524,525
525-521,525,521
525-522,525,522
525-523,525,523
525-524,525,524
525-525,525,525
530-510,530,510
530-520,530,520
530-530,530,530
530-540,530,540
530-550,530,550
530-531,530,531
530-532,530,532
530-533,530,533
530-534,530,534
530-535,530,535
531-531,531,531
531-532,531,532
531-533,531,533
531-534,531,534
531-535,531,535
532-531,532,531
532-532,532,532
532-533,532,533
532-534,532,534
532-535,532,535
533-531,533,531
533-532,533,532
533-533,533,533
533-534,533,534
533-535,533,535
534-531,534,531
534-532,534,532
534-533,534,533
534-534,534,534
534-535,534,535
535-531,535,531
535-532,535,532
535-533,535,533
535-534,535,534
535-535,535,535
540-510,540,510
540-520,540,520
540-530,540,530
540-540,540,540
540-550,540,550
540-541,540,541
540-542,540,542
540-543,540,543
540-544,540,544
540-545,540,545
541-541,541,541
541-542,541,542
541-543,541,543
541-544,541,544
541-545,541,545
542-541,542,541
542-542,542,542
542-543,542,543
542-544,542,544
542-545,542,545
543-541,543,541
543-542,543,542
543-543,543,543
543-544,543,544
543-545,543,545
544-541,544,541
544-542,544,542
544-543,544,543
544-544,544,544
544-545,544,545
545-541,545,541
545-542,545,542
545-543,545,543
545-544,545,544
545-545,545,545
550-510,550,510
550-520,550,520
550-530,550,530
550-540,550,540
550-550,550,550
550-551,550,551
550-552,550,552
550-553,550,553
550-554,550,554
550-555,550,555
551-551,551,551
551-552,551,552
551-553,551,553
551-554,551,554
551-555,551,555
552-551,552,551
552-552,552,552
552-553,552,553
552-554,552,554
552-555,552,555
553-551,553,551
553-552,553,552
553-553,553,553
553-554,553,554
553-555,553,555
554-551,554,551
554-552,554,552
554-553,554,553
554-554,554,554
554-555,554,555
555-551,555,551
555-552,555,552
555-553,555,553
555-554,555,554
555-555,555,555
